log_id,tester_id,entry_date,indication,solution,detector,solved_date
1907,595,10/2/2025 14:54,Kaasujouset loystyneet,"Vaihdettu kaasujouset, alkup Takaya tyyppi on TM-149-100-10, hankittu tyyppi 400mm 150N",M.Kallio,10/2/2025 14:54
1905,160,6/27/2025 11:16,Kalibrointi ja yllapitohuolto,"vaihdettu kaikki probet, Image kovalevysta otettu BartBe v.11 ohjelmalla  verkkoasemalle: images \\10.250.3.208\Takaya_FlyingProbe\TAKAYA_1 Huonolaatuisia kopioprobeja FP1010 3UH53 M ei kayteta enaa. jatkossa vain alkup. Takaya 94xx VBM94002. Kone rasvattu KLH toimesta",M.Kallio ja KLH,6/27/2025 11:16
1906,595,6/27/2025 11:16,Kalibrointi ja yllapitohuolto,"vaihdettu kaikki probet, Image kovalevysta otettu BartBe v.11 ohjelmalla  verkkoasemalle: images \\10.250.3.208\Takaya_FlyingProbe\TAKAYA_2 Huonolaatuisia kopioprobeja FP1010 3UH53 M ei kayteta enaa. jatkossa vain alkup. Takaya 94xx VBM94002. Kone rasvattu KLH toimesta",M.Kallio ja KLH,6/27/2025 11:16
1904,630,2/25/2025 10:02,T32005.11--08 testauksessa huono saanto mm PCM4 mittauksissa ja RLOOP testissa,Muutettu viiveita ja lisatty ylimaarainen reset 21.2.2025,JLa,2/25/2025 10:02
1903,595,2/14/2025 10:14,"kameranaytto patkii, valilla nakyy ok, valilla kameran kuva nakyy kahtena paallekkaisena kuvana ja valilla ei nay mitaan	","videokonvertterin alkuperainen virtalahde 5V-1A vikaantunut, vaihdettu virtalahde, alkoi toimia",M.Kallio,2/14/2025 10:14
1902,595,1/20/2025 8:37,Probet VBM00373 Probe PTI-5N1A-0N22BE loppumassa eika uusia enaa saa ostettua koska valmistus on lopetettu.,"korvataan probella FP1010 3UH53 M - Takaya 94xx kopioprobe, tai VBM94002 - Takaya 94xx probe. Koneeseen suunniteltu ja 3D printattu uudet probe holderit ja probejen kaapeleita avarrettu 94xx probe tyyppiin sopivaksi... Toimii.","M.Kallio, S-Koski-Vahala",1/20/2025 8:37
1901,160,1/20/2025 8:36,Probet VBM00373 Probe PTI-5N1A-0N22BE loppumassa eika uusia enaa saa ostettua koska valmistus on lopetettu.,"korvataan probella FP1010 3UH53 M - Takaya 94xx kopioprobe, tai VBM94002 - Takaya 94xx probe. Koneeseen suunniteltu ja 3D printattu uudet probe holderit ja probejen kaapeleita avarrettu 94xx probe tyyppiin sopivaksi... Toimii.","M.Kallio, S.Koski-Vahala",1/20/2025 8:36
1900,160,12/18/2024 13:37,Kannen kaasujouset huonot,"Vaihdettu kaasujouset, alkup Takaya tyyppi on TM-149-100-10, hankittu tyyppi 400mm 150N",M.Kallio,12/18/2024 13:37
1898,160,12/12/2024 13:29,Kalibrointi ja yllapitohuolto,"vaihdettu kaikki probet, Ohjelmat varmuuskopioitu verkkoasemalle: testerbackup \\143.116.232.215\TAKAYA1",M.Kallio,12/12/2024 13:29
1899,595,12/12/2024 13:29,Kalibrointi ja yllapitohuolto,"vaihdettu kaikki probet, Ohjelmat varmuuskopioitu verkkoasemalle: testerbackup \\143.116.232.215\TAKAYA2",M.Kallio,12/12/2024 13:29
1897,630,12/3/2024 15:42,"T32005.11--08 huono saanto, mm FXS VBAT testissa",FXS VBAT rajat muutettu 56...60V:sta---> 56...62V:iin. Lupa rajamuutokseen DNWP:lta,JLa,12/3/2024 15:42
1896,630,11/14/2024 15:19,T32005.11--08 testauksessa huono saanto mm PCM4 mittauksissa ja RLOOP testissa,"Testataan vanhemmalla FPGA softalla, jolla testit menevat paremmin lapi. Lopussa ladataan uusin FPGA sw versio 8B. Tehty testerille 6.11.2024",JLa,11/14/2024 15:19
1895,595,9/20/2024 9:28,"Kone kuumenee voimakkaasti volyymiajossa, mittakortit alkaa virheilemaan, ohmiarvot nousee ja tama johtunee mittauskorttien yli kuumenemisesta","Takakannen 2 tuuletinta asennettu puhaltamaa sisaan ilmaa, mutta toisella flaikkarilla ne ovat toisinpain, joten kaannettu tassakin puhaltamaa ulos. Kone ei enaa kuumene liikaa",M.Kallio,9/20/2024 9:28
1894,160,8/23/2024 8:11,"kameranaytto patkii, valilla nakyy ok, valilla kameran kuva nakyy kahtena paallekkaisena kuvana ja valilla ei nay mitaan","videokonvertterin alkuperainen virtalahde 5V-1A vikaantunut, vaihdettu virtalahde, tilalle 5V-2.4A - alkoi toimia",M.Kallio,8/23/2024 8:11
1892,595,6/6/2024 13:48,Kalibrointi ja yllapitohuolto,"vaihdettu kaikki probet, Ohjelmat varmuuskopioitu verkkoasemalle: testerbackup \\143.116.232.215\TAKAYA2",O.Jarvela,6/6/2024 13:48
1893,160,6/6/2024 13:48,Kalibrointi ja yllapitohuolto,"vaihdettu kaikki probet, Ohjelmat varmuuskopioitu verkkoasemalle: testerbackup \\143.116.232.215\TAKAYA1",M.Kallio,6/6/2024 13:48
1885,628,2/16/2024 7:51,"ongelma: Dyna2Fix10 fixturessa painuu fixin takana oleva eth liitin sisalle pain,aiheuttaen turhia retesteja. Dyna2 Fix10 liittimien vaihtovali tullut tayteen.-MP-",-,JRu,3/19/2024 13:11
1891,628,3/19/2024 13:11,DIT1-1 fixilla Dyna2 Fix10 ei toimi testaus lajimerkilla T32007.12. Eilen viela toimi mutta failasi usein.,Fixturen RJ45- liitin oli painunut sisaan. Parannettu liittimen puristus/kiinnitysmekaniikkaa siten etta puristaa paremmin jotta ei painaudu niin helposti sisaan.  Lisaksi mietittiin painumisen estoratkaisua. ,JRu,3/19/2024 13:11
1890,776,3/13/2024 15:13,CCU.n Ber mittaukset Fail.,"Vaihdettu CSR/purkista tuleva RF/piuha uuteen. Testit PASS.  Huomioitavaa, kun ruppee tulemaan Ber/vikkaa RF/ piuha on vaihdettava, saastytaan turhilta uusinta testeilta. Taman piuhan liitin kuluu nopeasti tylppamaisesti eika saa enaa kunnon kontaktia yksikon liittimella. ",Anita Juntunen,3/13/2024 15:13
1889,630,3/7/2024 14:35,"T33108.01--06, T33108.02--02 inputcurrent ylarajalla. T32004.02--07, 08, 09 inputcurrent testerilla vaarat rajat 0.05 - 0.07A.","T33108.01--06, T33108.02--02 inputcurrent uudet rajat 0.06 - 0.16A (ei ole speksattu PTS:ssa). T32004.02--07, 08, 09 inputcurrent uudet rajat 0.03 - 0.100A (PTS:n mukainen)",JLa,3/7/2024 14:35
1888,630,3/7/2024 14:24,Inputcurrent testi failaa usein (lahes kaikki lajimerkit),"LPS-power ei ota komentoja vastaan. Lisatty LPS reset: jos inputcurrent tulos 0A, tehdaan LPS reset ja komennot uudestaan. Tehty testerille 1.11.2023. Kuitattu jalkikateen.",JLa,3/7/2024 14:24
1886,736,3/1/2024 11:10,Tehdaskunnostus Tag:ien testaus ei millaan onnistu herjaa HW ID erroria.,"Ongelma havisi tutkittaessa. Tag:ien testausjigin jannitteet mitattu--> OK, Usb-piuhoja irroteltu, PC-bootattu --> mrf-yhteydet OK  ym.yhteyksia tarkistettu 9S-asiakkaan paasta myos --> OK. Yhtakkia rupes pellaan.",Anita Juntunen,3/1/2024 11:10
1882,595,1/19/2024 11:49,Kalibrointi ja yllapitohuolto,Kone purettu ja rasvattu kaikki osat KLH:n toimesta. Varmuuskopiot ohjelmista ja master fileesta otettu NAS asemalle. ,"M.Kallio, O.Jarvela. KLH",1/19/2024 11:49
1883,160,1/19/2024 11:49,Kalibrointi ja yllapitohuolto,"Kone purettu ja rasvattu kaikki osat KLH:n toimesta. Varmuuskopiot ohjelmista ja master fileesta otettu NAS asemalle. kaasujouset huonot, tilattu uudet.","M.Kallio O.Jarvela, KLH",1/19/2024 11:49
1881,786,11/8/2023 13:48,Tester moved to TE-lab,Selftest OK Tester ready to run in TE-lab,Pekka Komulainen,11/8/2023 13:48
1880,160,9/27/2023 10:02,Alemman X-akselin askelmoottorin tuuletin pitaa kovaa aanta,"Tuulettimen lapa haljennut, varaosan puutteessa korvattu eri mallisella tuulittettimella jossa suunnilleen samat speksit. Toimii.",M.Kallio,9/27/2023 10:02
1878,630,8/7/2023 10:24,"UPS kyykahtanyt, PC ja PCM4 siirretty sahkoverkkoon. Swift-GUI jumittaa alkuasetuksissa.",Usb-IO driver korrupt. Device managerissa USB-I2C/IO board:ssa vikamerkki. Talle tehty disable/enable ja PC restart. Testaus alkoi toimimaan.,JLa,8/7/2023 10:24
1875,595,6/30/2023 12:08,Kalibrointi ja yllapitohuolto,"vaihdettu kaikki probet, Ohjelmat varmuuskopioitu verkkoasemalle: testerbackup \\143.116.232.215\TAKAYA2",O.Jarvela,6/30/2023 12:08
1876,160,6/30/2023 12:08,Kalibrointi ja yllapitohuolto,"vaihdettu probet #1 #4, Ohjelmat varmuuskopioitu verkkoasemalle: testerbackup \\143.116.232.215\TAKAYA1",M.Kallio,6/30/2023 12:08
1873,630,5/26/2023 12:58,T33008.02...06 FPGA lataus FAIL Tama myos reffi unit. (T33008.02..01),Windows ongelma. Konetta kaytetty alhaalla. Hox reffi unit. (T33008.02..01) ei toimi T33008.02...06 jonolla.,JRu,5/26/2023 12:58
1863,776,4/24/2023 14:05,CCU- esim. Ber mittaus fail / CSR fail useampi testi kerta.,esim. ber-mittaus ensin vaihdettu W101 sitten vaihdettu reffi S101 ---->flash PASS. CSR fail vaihdettu reffi D101 (csr-piiri) ---> Func testi PASS.,Anita Juntunen,4/24/2023 14:05
1859,160,4/14/2023 13:27,Probe 4 ei mittaa ollenkaan,"proben kaapeli kokonaan poikki kiinnikkeestaan, vaihdettu - alkoi toimia",O.Jarvela,4/14/2023 13:27
1857,595,3/16/2023 12:19,Tos3 kaytetty varaosakortti saatu hankittua TestLinelta Englannista.,"vaihdettu kortti PC koneeseen. toimii OK. Vanha korjattu kortti toimii myos edelleen ja jatetaan varaosaksi. 2 aiempaa viallista jaa myos meille, toimittaja ei halunnut niita takaisin.",M.Kallio,3/16/2023 12:19
1856,595,3/16/2023 12:15,"kansi liian loysa, ei pysy kunnolla ylhaalla, vaarana kolahtaa operaattoria paahan. kaasujousien kayttoika taynna",Vaihdettu uuden kaasujouset. malli on TM-149-100-10,KLH,3/16/2023 12:15
1855,630,3/14/2023 12:09,"Nyt on keyboard ongelma korjattu,mutta sen jalkeen ei ole avautunut swift guissa DUT reader ikkuna. Ei start testing eika run selected ainoastaan exit viela nakkaa pois.",Nappainongelman vuoksi PC kaytetty alhaalla ja kaynnistetty uudelleen ja nappsiongelma poistui.  Ilmeisesti SWIFT on ollut paalla tai jossain epastabiilissa tilassa.  Uudelleen kaynnistys oli korruptoinu StationGlobals.ini tiedostoa. Mika korvattu vanhalla. Vanha oli hakemistossa Swift\NationalInstsrurments\TestStand\cfg.,JRu,3/14/2023 12:09
1854,630,3/14/2023 12:08,DST1 testerin PC jaa mustalle sivulle...keyboard error,USB-nappaimiston avulla kaytetty PC alhaalla ja kaynnistetty uudelleen ja nappsiongelma poistui.,JRu,3/14/2023 12:08
1852,630,1/30/2023 8:49,T32005.21 Ei toimi AD_Levels_A11_400Hz / DA_Levels_A11_3kHz    mittaukset.  -MP-                                         ,"Korjattu, kuitattu jalkeenpain",JLampsa,1/30/2023 13:23
1853,630,1/30/2023 12:36,T32005.21 Ei toimi AD_Levels_A11_400Hz / DA_Levels_A11_3kH mittaukset.,2M kaapelit oli irti mittalaitteesta.,JRu,1/30/2023 12:36
1851,628,1/24/2023 14:18,Apukortti T32009.01:ssa sensor s9 ja id kirjoitus ei onnistunut. ,"Apukortti T32007.01:ssa ei syty ledi. Ajettu testijonolla PASS, jonka jalkeen myos T32009.01:n testaus toimi normaalisti.",JRu,1/24/2023 14:18
1850,630,1/19/2023 13:40,ongelma:T33008.02--04 testissa DST1 PC jumittuu heti alussa kohtaan GPIBO:3-0    -MP-,"Korjattu, kuitattu jalkeenpain",JLampsa,1/20/2023 12:23
1849,630,1/13/2023 8:01,"ongelma: T32003.11 etusovittimen johdot niputettu keskenaan, johto nipun paino vetaa liitantoja alaspain jolloin 8 portin liitanta ei saa tarpeeksi kontaktia ja aiheuttaa turhia retesteja.  -MP-","Korjattu, kuitattu jalkeenpain",JRu,1/16/2023 14:23
1848,630,1/12/2023 8:01,ongelma:T32003.11 testauksessa jaa E1_Ber mittausta looppaamaan. -MP-,"Korjattu, kuitattu jalkeenpain",JLampsa,1/13/2023 13:51
1844,628,1/2/2023 13:16,ongelma: Dyna2Fix10 liittimien vaihtovali on tullut tayteen. -MP-,"Korjattu, kuitattu jalkeenpain",JRu,1/2/2023 15:26
1843,595,12/30/2022 13:56,Kalibrointi ja yllapitohuolto,"vaihdettu kaikki probet, Ohjelmat varmuuskopioitu verkkoasemalle: testerbackup \\143.116.232.215\TAKAYA1. kaasujouset huonokuntoisia, varaosat hankittuna, mutta ei kiireellisia vaihtaa. TOS 3 kortti korjattu toimii toistaiseksi, varakortti tilauksessa",M.Kallio,12/30/2022 13:56
1842,160,12/30/2022 13:55,Kalibrointi ja yllapitohuolto,"vaihdettu kaikki probet, Ohjelmat varmuuskopioitu verkkoasemalle: testerbackup \\143.116.232.215\TAKAYA1. kaasujouset huonokuntoisia, varaosat hankittuna, mutta ei kiireellisia vaihtaa. CD asema rikki jolle ei akuuttia tarvetta uusia",M.Kallio,12/30/2022 13:55
1837,595,12/22/2022 6:54,"TOS3 kortti rikki, kaataa konetta. Toimii vahan aikaa ja sitten koko PC jumittuu. ","Tilattu Testlinelta uusi joka sekaan ei toiminut. Korjattu lopulta 3:sta rikkinaisesta osia vaihtelemalla 1 kortti kuntoon. Varaosa pitaa silti loytaa, kun ei tieda miten kauan korjattu kortti toimii.",M.Kallio,12/22/2022 6:54
1836,630,12/20/2022 15:10,"SWIFTissa DUT Reader ikkuna ei avaudu, kun kaynnistaa testin.",StationGlobals.ini tiedosto vioittunut,JLa,12/20/2022 15:10
1834,630,12/7/2022 7:47,ongelma: SETUP jono ei toimi T32005.01 ja T32003.11,"Korjattu, kuitattu jalkeenpain",JLampsa,12/8/2022 10:12
1835,630,12/7/2022 14:41,Setup jono ei mene PASSiin DST1:lla. Nyt kyseessa T32005.01 mutta maanantaina setupit ei onnistunut myoskaan T32003.11., Vaihdettu adapterikortin takaliittimet.,,12/7/2022 14:41
1830,630,11/16/2022 7:41,Dyna2Fix09 liittimien vaihtovali on tullut tayteen.,Liittimet tsekattu,JHu,11/16/2022 14:25
1829,786,10/24/2022 16:21,No back up after new Win 11 installation ,Safetytester EST2_1-LREOF3O backup image have been created & saved to: QNAP:/TurvaTesteri/turva_est2_1.tibx P3 Service Request 5244873 is now in status: Resolved  24.10.2022/IT/Kaj Pesio,PKo,10/24/2022 16:21
1828,630,10/13/2022 9:10,T32004.11 Ei toimi clear eeprom. ,Kaytetty PC:n virtoja alhaalla ja kaynnistetty uudelleen.,JRu,10/13/2022 9:10
1826,786,9/16/2022 12:58,Vanha PC temppuili ja lopetti pdf-poytakirjojen kirjoittamisen.,"Vaihdettu uusi PC  Device name	EST2_1-LREOF3O Manufacturer	Lenovo Model HW	ThinkCentre neo5 Processor	12th Gen Intel(R) Core(TM) i5-12400   2.50 GHz Installed RAM	8,00 GB (7,72 GB usable) Device ID	E48A4B93-112D-4C86-A760-7A8F180FCF2F Product ID	00355-60714-16698-AAOEM System type	64-bit operating system, x64-based processor  Edition	Windows 11 Pro Version	21H2 Installed on	?07/?09/?2022 OS build	22000.856 Experience	Windows Feature Experience Pack 1000.22000.856.0  AW3 V2",pekka.komulainen@sanmina.com,9/16/2022 12:58
1824,630,9/5/2022 9:26,PC jaa mustalle sivulle ja keyboard erroria valittaa. ,Kaytetty PS2 kaapelia irti painettu F1. --> Hiiri toimi nappaomisto ei toiminut. Uudelleenkaynnistetty jonka jalkeen nappiskin alkoi toimimaan.,JRu,9/5/2022 9:26
1821,595,7/26/2022 12:50,yllapito,Testihuolto suoritettu,web,7/26/2022 12:50
1820,160,7/26/2022 12:38,yllapito,Testihuolto suoritettu,web,7/26/2022 12:38
1818,595,7/26/2022 11:51,Kalibrointi ja yllapitohuolto,"vaihdettu probet #1 ja #4, Ohjelmat varmuuskopioitu verkkoasemalle: testerbackup \\143.116.232.215\TAKAYA2. kaasujouset huonokuntoisia, hankittava uudet tilalle.",M.Kallio,7/26/2022 11:51
1819,160,7/26/2022 11:51,Kalibrointi ja yllapitohuolto,"vaihdettu kaikki probet, Ohjelmat varmuuskopioitu verkkoasemalle: testerbackup \\143.116.232.215\TAKAYA1. kaasujouset huonokuntoisia, hankittava uudet tilalle. CD asema rikki jolle ei akuuttia tarvetta uusia",M.Kallio,7/26/2022 11:51
1816,630,6/30/2022 9:31,"28-6-22 Opt teleprot Tributary T324004.11 opt loop kaapelit vaihdettu, mutta tarvittavat 5dB opt vaimentimet hukassa. Ei voi testata.","Loytyi vahingossa 10dB vaimennin, jolla korvattu 2kpl 5dB vaimentimia. Tieto Jarkolle varaosien tarpeesta maililla.",Jouni Huttunen,6/30/2022 9:31
1815,630,6/13/2022 13:39,Mittaus 700 E!_BER mittaus ei toimi. Kokeiltu parilla uudella yksikolla seka Goldenunitilla. Testeri kaytetty kiinni kokonaan ja asetukset ajettu uudestaan. Ei auttanut.,Fixturen takaliittimessa kontakti ongelma. (painunut sisaan),JRu,6/13/2022 13:39
1871,630,5/9/2023 13:30,swift guissa ei aukea DUT reader. Ei start testing eika run selected tapahdu mitaan. -MP-,"Stationglobals.ini korrup,kuvake DUT READER korjaus korjaa",JLampsa,5/9/2022 14:23
1814,630,5/5/2022 7:58,T32002 FrontIF liittimien vaihtovali tullut tayteen.,Vaihdettu Eth-kaapelit 6kpl ja SFP-modulit 2kpl uusiin. 5.5.2022,JRu,5/5/2022 7:58
1813,630,4/29/2022 12:17,T32002.01 PoE mittauksissa yksi kanava failaa (kanava 2),Fixture rajapinnasta ethernet-liitin painunut sisaan,JLa,4/29/2022 12:17
1803,630,11/30/2021 9:19,"ongelma: T32005.11...06  parilliset kanavat(2,4,6,8,10,12,14 ja 16)ei toimi AD_Levels_A11_400Hz mittauksista. -MP-                          ",Korjattu seuraavana paivana toisen ongelman yhteydessa Jarkon toimesta,JHuttunen,12/1/2021 14:02
1806,630,12/1/2021 14:02,"T32005.11...06 ei toimi parilliset kanavat.(2,4,6,8,10,12,14,16) Fail mittauksista AD_Levels_A11_400Hz.   ",Johtonippu oli koskettanut ja siirtanyt paikaltaan etuadapterikortin ylempaa releohjaus driveria. Johtimia niputettu erilailla ja asetettu paikaltaan siirtynyt driveri oikealle paikalleen. ,JRu,12/1/2021 14:02
1805,595,12/1/2021 12:01,Kalibrointi ja yllapitohuolto,"vaihdettu kaikki probet, flaikkari rasvattu KLH toimesta, SW1-2 anturia saadetty. Ohjelmat varmuuskopioitu verkkoasemalle: testerbackup \\143.116.232.215\TAKAYA2",M.Kallio ja O.Jarvela,12/1/2021 12:01
1804,160,12/1/2021 11:59,Kalibrointi ja yllapitohuolto,"vaihdettu kaikki probet, Ohjelmat varmuuskopioitu verkkoasemalle: testerbackup \\143.116.232.215\TAKAYA1",M.Kallio ja O.Jarvela,12/1/2021 11:59
1799,630,11/12/2021 7:49,Altera lataus ei toimi T32005.01 yksikolla. TFTP-lataus ei toiminut.,Apukortti (T32001.01) ei voinut kalustaa testisysteemin UUT:ta. Kaikki apukortin hallitsemat korttipaikat oli Unowned-tilassa SW release 3.5 paivityksen jalkeen.  Kalustettu UUT slotpaikka ownedby me (apukortin hallintaan T32001.01) tilaan. Lisaksi ajettiin UUT:n yksikon T32005.01 test setup apukorttiin (T32001.01). ,JRu,11/12/2021 7:49
1800,630,11/12/2021 7:49,Altera lataus ei toimi T32005.01 yksikolla. TFTP-lataus ei toiminut.,Apukortti (T32001.01) ei voinut kalustaa testisysteemin UUT:ta. Kaikki apukortin hallitsemat korttipaikat oli Unowned-tilassa SW release 3.5 paivityksen jalkeen.  Kalustettu UUT slotpaikka ownedby me (apukortin hallintaan T32001.01) tilaan. Lisaksi ajettiin UUT:n yksikon T32005.01 test setup apukorttiin (T32001.01). ,JRu,11/12/2021 7:49
1796,630,11/2/2021 7:34,ongelma  T32003.01--A6 mittaus 502 temp trunkArrive ei toimi.  -MP-,Korjattu sama paivana toisen ongelman yhteydessa Jarkon toimesta,JHuttunen,11/2/2021 9:03
1797,630,11/2/2021 9:03,DST1 testerilla failaa T32003.01...A6 korteista mittauksesta 502 temp trunk arrive. Eilen viela toimi tanaan enaan ei. Golden Unit myos failaa.  Fixturesta voisi myos kaantokahvan jossain vaiheessa korjata ennen kuin menee kokonaan rikki....rutisee ja ratisee.  Testiraportit eivat myos siirry vaan jaa PC:lle result kansioon.,Verkkokortti oli jumissa. Disabloin verkkokortin mutta enablointi ei enaan onnistunut. Kaytin konetta alhaalla jonka jalkeen enablointi onnistui ja yhteys toimi normaalisti.,JRu,11/2/2021 9:03
1795,630,10/20/2021 10:01,FXO:ssa 8kpl sarjasta 5kpl failas kanavasta15. 000.815 AD_Levels_A11_400Hz_Ch15               -95       000.835 DA_Levels_A11_3kHz_Ch15                  -82.13     000.755 LineCurrent_Ch15                                    0      ,Adapterikortista rele oli jumissa (rele 4).  Nyt vaihdettu ja testattu toimivuus. Lisatty myos driver piirien jannitesyottoon kondensaattori tasaamaan releiden ohjausjannitetta.,JRu,10/20/2021 10:01
1787,630,9/21/2021 9:55,Kommentti aikaisempaan lokitietoon: T32005.21--06 huono saanto PCM-4 mittauksissa,"Ongelma ratkesi, kun FPGA softaan tuli paivitys 3.E. Samalla versio muuttui T32005.21--07:ksi. Testerille 9.syyskuuta. Lisaksi T32005.11--06:een tullut konfig-muutos, jossa ollut myos saanto ongelmia. Korjattu testerille 17.syyskuuta.",JLa,9/21/2021 9:55
1781,630,8/30/2021 9:53,T32005.21--06 huono saanto PCM-4 mittauksissa. Tyypillisesti parittomat (1-3-5-7-jne) kanavat failaa. ,"Fixture apu-trunk paivitetty R2.6 -> R3.5 (25.elok) => ei vaikutusta, testit toimii samoin R3.5:lla. Viiveita muutettu => ei vaikutusta ongelmaan.",JLa,8/30/2021 9:53
1780,630,8/20/2021 8:59,ongelma: T32005.01...08 ei kanava testi toimi.  ,Liittyy seuraaviin,Jouni Huttunen,8/30/2021 9:12
1770,595,6/2/2021 13:46,Kalibrointi ja yllapitohuolto,vaihdettu kaikki probet. Ohjelmat varmuuskopioitu verkkoasemalle: testerbackup \\143.116.232.215\TAKAYA2,O.Jarvela,6/2/2021 13:46
1769,160,6/2/2021 13:45,Kalibrointi ja yllapitohuolto,"vaihdettu kaikki probet, Ohjelmat varmuuskopioitu verkkoasemalle: testerbackup \\143.116.232.215\TAKAYA1",M.Kallio,6/2/2021 13:45
1767,628,5/17/2021 9:58,Testatut fanit eivat olleet siirtyneet. Siirsin ne aamulla desktopille laitetulla tiedoston siirto ikonilla ja likkasin myos mrf:n disconneted network drive tilaan network drive. Testasin sitten 6kpl aitilevyja T32009.04--08 ja ne eivat siirtyneet tietokantaan vaan edelleen piti kayda erikseen tiedostojen siirrolla siirtaan.,Kovalelyn vaihdon jalkeen rekisteriin oli jaanyt merkitsematta talletuspolku.,JRu,5/17/2021 9:58
1763,630,4/21/2021 8:58,Jostain syysta DNT2B testerin testaus raportit ei siirry tietokantaan Z:\CM\DNT2B_1\Save.,Verkkokortti oli jumissa. Verkkokortti oli connect tilassa vaikka irroitti kaapelin. Verkkokortin disablointikaan ei onnistunut. Kaytin PC:ta alhaalla. Nyt toimii. ,JRu,4/21/2021 8:58
1762,160,4/20/2021 11:13,testit patkii,"probe #4 kaapeli viallinen, vaihdettu",O.Jarvela,4/20/2021 11:13
1758,595,3/4/2021 15:59,iso maara mittausvirheita joka levylla.,"vika paikallistettu debuggauksen avulla probe 1, joka vaihdettu - NOK sama vika, - vaihdettu proben kaapeli uuteen, vika poistui.",M.Kallio,3/4/2021 15:59
1757,160,3/4/2021 15:57,Interface protection between 1 & 2 axis virhetta tulee satunnaisesti ja testi pysahtyy.,"Anturi 1 ja 2 akselin valilla halyttaa kesken testin. Putsattu. Vaihdettu 2 probea, hieman kieroja, ei valttamatta syy. Ajettu Master calib, nayttaisi toimivan. Seurataan.",M.Kallio,3/4/2021 15:57
1753,595,1/27/2021 10:11,pysahtelee kesken testin probe 1 moved to illegal area Y -1,"probe 1 Y akselin valo-anturiin oli valunut oljya, anturi irrotettu ja putsattu paineilmalla ja puhdistusaineella rasvat pois optiikasta, alkoi toimia",M.Kallio,1/27/2021 10:11
1748,160,1/13/2021 10:24,5,Testihuolto_Lisatty time tauluun,Jouni Huttunen,1/13/2021 10:28
1749,595,1/13/2021 10:24,5,Testihuolto_Lisatty time tauluun,Jouni Huttunen,1/13/2021 10:28
1745,595,12/3/2020 11:51,Kalibrointi ja yllapitohuolto,"Powerlamppu rikki - ei vaihdettu, hommataan parempia, nykyiset ei kesta, kone mekaniikat rasvattu KLH:n toimesta. ATP softa paivitetty versioon 5.0-1A.	Ohjelmat varmuuskopioitu verkkoasemalle: testerbackup \\143.116.232.215\TAKAYA2",M.Kallio ja O.Jarvela,12/3/2020 11:51
1744,160,12/3/2020 11:50,Kalibrointi ja yllapitohuolto,"Powerlamppu rikki - ei vaihdettu, hommataan parempia, nykyiset ei kesta, kone mekaniikat rasvattu KLH:n toimesta. vaihdettu probe #2, ATP softa paivitetty versioon 5.0-1A. Ohjelmat varmuuskopioitu verkkoasemalle: testerbackup \\143.116.232,215\TAKAYA1",M.Kallio ja O.Jarvela,12/3/2020 11:50
1743,776,12/1/2020 11:17,esim. jos tallasta vikaa tulee testerilla SWDL_2:lla. Serial No;    1700207736FC; Product Name; Indoor Node; Product Code; 9S-NOD-06-01;  ERROR: Flash programming failed!  ERROR: CSR configuration failed! ERROR: Failed with error code 4!,"Kayta IPCSFlasher, CSR-purkki ja sininen purkki (USP-SPI) alhaalla. ",Anita Juntunen,12/1/2020 11:17
1742,776,11/26/2020 9:15,"TIEDOKSI!!!  CCU/testissa. Jos tulee tallanen virheilmoitus. > Starting BER hqGetBer failed: 0 BER 2402;0;70512;2441;0;67800;2480;100;67800 BER FAIL 'RX sensitivity test BER not in limits (<0,2)' > Programming PS memory stderr: ERROR: Testing finished with fail CCU preparation error: CCU tests fail..",TARKISTA!! Ettei Bluetest/ ohjelma ole samanaikaisesti paalla.,Anita Juntunen,11/26/2020 9:15
1741,786,11/19/2020 11:26,Insufficient version controlling.,GitLab version controlling created to: https://143.116.232.12/tesu/est.git,Pekka Komulainen,11/19/2020 11:26
1740,630,11/3/2020 10:29,Ei tunnista yksikkoa (OTPS E1). Ongelma tullut kun ADXC yksikkoa testattu slot6 (reduntant slot),Default asetukset trunkkiin ja Trunkin uudelleen paivitys ver 2.6.  ,JRu,11/3/2020 10:29
1738,630,11/2/2020 12:46,Ei tunnista T32004.12 yksikkoa.,Fixturesta?vaihdettu Trunk-apuyksikko?uudempaan versioon.?,JRu,11/2/2020 12:46
1731,595,8/27/2020 12:05,10.6.2020 Kalibrointi ja yllapitohuolto,"kaikki probet vaihdettu, ohjelmat varmuuskopioitu",M.Kallio ja O.Jarvela,8/27/2020 12:05
1730,160,8/27/2020 12:04,10.6.2020 Kalibrointi ja yllapitohuolto,"kaikki probet vaihdettu, ohjelmat varmuuskopioitu",M.Kallio ja O.Jarvela,8/27/2020 12:04
1729,628,8/7/2020 13:41,Fanien T32007.01...08 testaus ei toimi. Jaa Fan contol versio mittauksesta ja retestissa check erasesta.,"IO kortti ollut tai mennyt testauksen aikana vikatilaan. Proesssorin Fuse ohjelmointi epaonnistunut 3:lla yksikolla. PC:n uudelleen kaynnistys. Poisti ongelman reffi-kortilta ja testaamattomilta korteilta, mutta ei vikatilaisella IO-ohjauksella olleilta 3:lta Fail-yksikolta. Vaihdettu Fail yksikoista AtMega prosessori piiri joka korjasi ongelman.",JRu,8/7/2020 13:41
1724,786,7/21/2020 12:20,Tester EST2_1 PC does not boot up.,"IT Ticket ""4494279 - Testeri EST2_1 ei kaynnisty"" created. IT changed another compatible PC(NSN03001793) using running EST2_1 hard disc. Motherboard broke? IT will solve the reason.  Configuration checked, MRF-mapping done. TESU selftest PASSed.",Pekka Komulainen,7/21/2020 12:20
1717,786,4/1/2020 15:38,BackUp missing,BackUp image done by Anita,Pekka Komulainen,4/1/2020 15:38
1714,630,2/25/2020 9:41,Etuliitantaadapterin T32003.11_FrontIF kayttolaskuri tullut tayteen (700).,Liittimet todettu hyvakuntoisiksi ja laskuri nollattu.,JLa,2/25/2020 9:41
1713,630,2/5/2020 12:34,IP-trunk T33008.02...01 ja T33024.02...03 Mittauspositio 901 HW_CodeVers_Barc failaa tai palauttaa error,Fail => Yksikko ei vastaa. Joku piiriohjelmointi ehka pielessa tai vikaa kortissa. Error => Com4-portti jumissa. Useinmiten riittaa etta kayttaa irti PC:n usb-sarjaporttikaapelia (sin-harmaa usb kaapeli PC:n takana).,JLa,2/5/2020 12:34
1711,786,1/23/2020 10:17,Tester log created,Tester documentation founds: S:\SiteData\OUL1\EMS\TE\Common\Test Dev\Documents\Asiakasdokumentit\Electrical Safety Tester EST2,Pekka Komulainen,1/23/2020 10:17
1710,630,1/21/2020 14:48,Adapterikortin takaliittimen kayttolaskurin raja ylittynyt (1000) Dyna2 fix08  ,Vaihdettu uudet liittimet. UUT slot,JRu,1/21/2020 14:48
1703,595,11/27/2019 9:53,Kalibrointi ja yllapitohuolto,"Kone mekaniikat rasvattu KLH:n toimesta. vaihdettu kaikki probet, saatovipu rikki, tehty uudet kierteet. Ohjelmat varmuuskopioitu verkkoasemalle: testerbackup \\143.116.232,215\TAKAYA2",M. Kallio,11/27/2019 9:53
1704,160,11/27/2019 9:53,Kalibrointi ja yllapitohuolto,"Powerlamppu rikki - vaihdettu, sensor probe jumissa - rasvattu, kone mekaniikat rasvattu KLH:n toimesta. vaihdettu kaikki probet, Ohjelmat varmuuskopioitu verkkoasemalle: testerbackup \\143.116.232,215\TAKAYA1",M. Kallio,11/27/2019 9:53
1700,630,11/5/2019 9:27,"HP194360830 trunk-kortin PASS-tiedot ei ole siirtynyt tietokantaan. Kortti failasi eka kerralla mittauksista: 000.404 .FrontPanelSDH                                     000.403 .ReadSystemStatus   RETEST oli PASS, mutta se ei nay tietokannassa. DST1 testerilla log tiedostoissa PASS loytyy 04Nov2019_130208.log","Testerilogista nakee, etta kortti on testattu Passiin. Mutta testeri ei ole onnistunut siirtamaan poytakirjaa mrf:lle verkkoon. Logista selviaa, ettei testeri-pc ole loytanyt verkkoasemaa ja yritys tallentaa c:lle ei ole onnistunut ""invalid directory, store result to secondary path"". Luultavasti Swift juminut verkkoyhteyden loytymattomyyteen. Joudutaan testaamaan tuote uudestaan DST1 ja DIT2.",Jouni Huttunen,11/5/2019 9:27
1697,776,10/30/2019 7:26,"TIEDOKSI:  Nurse Call Point Status 2 viittaa juuri siihen, etta joko hwid on varattu toiselle sarjanumerolle tai painvastoin. Naista tiedoista selvisi seuraavaa: - 427164 on kaytetty laitteelle, jonka hwid on 806FB0582A41. - Samalla id:lla on yritetty flassata laitteelle, jonka hwid 806FB0582A42 -> fail.  - 427030:lla on yritetty flashata hwid:lle 806FB0582A41, joka kuuluu siis 427164:lle -> fail.  ","Ilmeisesti on luettu vaaran laitteen koodi. Sita voi kokeilla kummankin laitteen kanssa. Jos tulee tuo error ja hwid:t ovat 806FB0582A41 ja 806FB0582A42, niin voin poistaa tuon 427164:n kannasta, jolloin virhekin poistuu. ",anita juntunen,10/30/2019 7:26
1695,776,10/23/2019 9:44,"Tiedoksi: Jos testerilla tulee ""409"" koodi viallista, sen takia etta on vaihdettu BT piiri (D101) flashayksen jalkeen.   Naiden sarjanumeroiden osalta pitaa   MAC:t nollata tietokannasta jotta voidaan testata uudestaan. (9S-tietokannasta, yhteys esim. Markku Rissanen tai Taneli Lauriala).",ok,anita juntunen,10/23/2019 9:44
1691,595,9/18/2019 13:13,"Testi pysahtelee satunnaisesti kesken, probe 1 pitaa kovaa aanta valilla liikkuessaan y akselissa ja antaa virhetta: PROBE 1 - The motor has unusual load","Moottorin ohjainyksikko moduli Y1 vaihdettu, alkoi toimia",M. Kallio,9/18/2019 13:13
1690,160,9/18/2019 13:10,"Virheilee testeissa, paljon retestia",vaihdetu kaikki probet - OK,M. Kallio,9/18/2019 13:10
1688,628,9/10/2019 7:03,ongelma T32007.12...04 failaa mittauksessa 301 Fan Alarm 1.FanAlarm1                              -MP- ,"Info, actions no needed",JHU,9/11/2019 9:28
1689,628,9/10/2019 11:42,T32007.12...04 fanit eivat toimi testerissa.(DIT1_1). Jaavat mittaukseen 301 Fan Alarm 1.FanAlarm1 ,"Mittauksessa kaytettavat johtimet mitattu, toimivat taivutettaessakin patkimatta. Johtimet kuitenkin lyhennetty arviodusta murtumakohdasta  (liittmen paasta). Jos uusiutuu lahiaikoina niin johtimet vaihdetaan.  Lisaksi tuettu johdinta taipumisen vahentamiseksi.",JRu,9/10/2019 11:42
1685,776,9/4/2019 9:31,TIEDOKSI:  Wall unit 3G FM (9S-NOD-03-07-01) KONKALLA oleva yksikko. Bluetooth piiri: D101 (CC2640R2FRGZ). 3G Wireless module D201 Cinterion EHS6-A.  Call-e Pine (9S-NOD-03-03-12) AKULLA oleva yksikko. Bluetooth piiri: D101 (CC2640R2FRGZ). 3G Wireless module D201 Cinterion EHS6-A.  Call unit 3G (9S-NOD-03-03-01)OHUEMPI akku. Bluetooth piiri D101 (CC2540F256RHA).3G Wireless module D201 Citerion EHS6-A.   ,ok,anita juntunen,9/4/2019 9:31
1684,736,9/4/2019 9:11,"Tiedoksi:  Companion Pro Tag (k) (9S-TAG-08-02-01)-->tassa (k) tarkoittaa keltaista tappia. Products: Companion Tag (9S-TAG-08-01) Companion Pro Tag (9S-TAG-08-02) Companion Pro Tag (k) (9S-TAG-08-02-01) Homecare Tag, rmb (9S-TAG-08-03-01) Call Button (9S-BUT-08-01) Reset Button (9S-BUT-08-02)  ","Info, actions no needed",anita juntunen,9/4/2019 9:12
1667,776,8/20/2019 11:05,"CSR-not found. CCU:n production testissa kaydaan lapi seuraavanlaista:  Production test verifies that Ethernet port, key USB connector and internal USB connection to CSR work. Production test only starts on CCU that is not installed.  Eli CSR not found johtuu siita, etta laite ei loyda CSR-chippia sisaisen usb-yhteyden kautta. ",Ainut keino on bootata laite ja koittaa uudelleen. Tama on kuulemma ollut aika yleinen vika.  Tikkuun tama ei liity.  Tata tutkitaan edelleen!!!!!,anita juntunen,8/20/2019 11:05
1653,630,6/7/2019 11:54,Lisatty testilaskurit fixture yllapitoa varten,-,JLa,6/7/2019 11:54
1652,628,6/5/2019 12:45,Lisatty testilaskuri fixture yllapitoa varten.,-,JLa,6/5/2019 12:45
1645,595,5/20/2019 15:05,kalibrointi ja yllapitohuolto,"Ohjelmat varmuuskopioitu verkkoasemalle: testerbackup \\143.116.232,215\TAKAYA2, vaihdettu kaikki probet, vaihdettu uusi power lamppu viallisen tilalle",M. Kallio,5/20/2019 15:05
1644,160,5/20/2019 15:04,kalibrointi ja yllapitohuolto,"Ohjelmat varmuuskopioitu verkkoasemalle: testerbackup \\143.116.232,215\TAKAYA1, vaihdettu kaikki probet",M. Kallio,5/20/2019 15:04
1616,595,3/26/2019 14:50,Testeri virheilee kaikilla tuotteilla,"Probet kuluneet, vaihdettu kaikki 4 probea.",O. Jarvela,3/26/2019 14:50
1615,160,3/26/2019 14:49,"Testaus ei toimi, virheilee ja lopettaa testaamisen.","probet #1, #3, ja #4 poikki, tuotteessa ollut liian korkea komponnetti rikkonut. vaihdettu probet, alkoi toimia. ",M. Paldanius,3/26/2019 14:49
1613,630,3/21/2019 15:08,T32004.01--08 FPGA-lataus toimii huonosti,Trunk sw kaynnistyminen hairitsee FPGA-latausta. Lisatty trunk sw pysaytys ennen FPGA-latausta 6.3.19,JLa,3/21/2019 15:08
1605,595,3/1/2019 16:06,"varmuuskopioitu ohjelmat verkkoasemalle: testerbackup \\143.116.232,215\TAKAYA2",OK,M. Kallio,3/1/2019 16:06
1603,160,3/1/2019 16:05,"varmuuskopioitu ohjelmat verkkoasemalle: testerbackup \\143.116.232,215\TAKAYA1",OK,M. Kallio,3/1/2019 16:05
1604,595,3/1/2019 16:05,mittavirheita usealla tuotteella,"probe 4 poikki, vaihdettu, alkoi toimia",M. Kallio,3/1/2019 16:05
1602,160,3/1/2019 16:04,Virheilee mittauksissa,"probe 4 vaihdettu, oli poikki",M. Kallio,3/1/2019 16:04
1595,628,2/18/2019 10:18,T32007.12--04 Id-kirjoitukset (esim Write Prod_Id) toimii huonosti,Id-kirjoituksiin lisatty luuppitestaus (enintaan 3 kertaa/testi),JLa,2/18/2019 10:18
1591,595,2/5/2019 11:20,"Probe 1 ei liiku Y akselilla ja antaa virheen Probe 1 moved to illegal area Y -1, siirtaa kuitenkin proben resetilla aloitusasentoon pitaen kovaa aanta.","Vika loytyi moottorin ohjainyksikosta josta oli palanut vastus ja veto poikki, korjattu - alkoi toimia ainakin toistaiseksi, tilattu kuitenkin 2 kpl moottoriohjainyksikoita varaosiksi ep-Teq:lta",M. Kallio,2/5/2019 11:20
1588,630,1/21/2019 8:41, Ei onnistu FPGA:n lataus ei edes reffikortissa, Latauskaapeli huonosti kiinni adapterilevyn nastarimassa.,JRu,1/21/2019 8:41
1587,630,1/21/2019 8:11,ongelma  T32002.01--AE FPGA lataus ei toimi.,Kuitataan vanhentunut ongelma pois,JHU,1/21/2019 8:12
1585,595,1/14/2019 14:31,"Pysahtyy kesken testin ja herjaa : The tester is now susbended as the safety system operated ! - remove the cause of the suspension, then depress Reset SW.","Kapistelty kaikki safety osioon liittyvat kytkimet ja johdinliitokset, seka 3 anturia, vaihdettu myos safety relay unit. Vian aiheuttajaa ei loytynyt, mutta alkoi nailla toimenpiteilla ainakin nyt toistaiseksi toimia.",M. Kallio,1/14/2019 14:31
1581,595,11/26/2018 17:47,kalibrointi ja yllapitohuolto,"Ohjelmat varmuuskopioitu verkkoasemalle: testerbackup \\143.116.232,215\TAKAYA1, vaihdettu kaikki probet. Saadetty Y akselin valoanturia, Power lamppu rikki - vaihdettu, mekaniikat rasvattu",M. Kallio ja Kone&Laitehuolto,11/26/2018 17:47
1580,160,11/26/2018 17:45,kalibrointi ja yllapitohouolto,"Ohjelmat varmuuskopioitu verkkoasemalle: testerbackup \\143.116.232,215\TAKAYA1, vaihdettu kaikki probet. rasvattu huonosti liikkuva open checker module, nyt OK. Power lamppu rikki - vaihdettu, mekaniikat rasvattu",M. Kallio ja Kone&Laitehuolto,11/26/2018 17:45
1574,628,11/19/2018 13:05,T32007.12--04 Write_Prod_Id ja muut id-kirjoitukset failaa usein,Lisatty viiveita Id-kirjoitukseen.,JLa,11/19/2018 13:05
1571,630,11/9/2018 14:46,"T32001.01--B8 jannitemittaukset menee joskus (aika harvoin) error-tilaan, vaikka mittaus on rajoissa.",Mittausviiveita saadetty. Seurataan tilannetta.,JLa,11/9/2018 14:46
1565,630,10/30/2018 10:56,ongelma: FPGA:n lataus ei toimi T32004.02...06 eika T32003.11...A7  ,"Vaara Lattice kaapeli oli kytkettyna PC:n usb-portissa. Kaapeli oli jaanyt vaihtamatta, kun oli testattu proto CU Eth kortteja. Tama on korjattu testerille 30.10.2018. Kuittaus lokiin 6.11 // JLa ",MP 30.10.2018,11/6/2018 11:59
1568,630,11/5/2018 12:25,TDM-payload failaa yhdessa fixturessa,Johtuu fixturen apu-trunkin SW paivityksesta. Kaikkia fixturessa testattavia tuotteita ja versioita ei ole viela kayty lapi.,JLa,11/5/2018 12:25
1563,595,10/17/2018 8:24,Kameran kuva epatarkka,"focuksen lukitus loystynyt, kameran focusta saadetty ja lukitus kiristetty",M.Kallio,10/17/2018 8:24
1535,595,9/20/2018 13:09,"Kone temppuilee ja jumittaa kesken testin, lyo turvareletta paalle, testi pysahtyy. Master calibrointi jumitti myos probe #1 kiskon puoleen valiin liikerataa. Ei anna anturihalytysta.","Tuntematon vika, irrotettu ja putsattu kaikki probe 1 kiskoon liittyvat anturit, toimii ainakin toistaiseksi, seurataan.",M.Kallio,9/20/2018 13:09
1534,595,9/20/2018 13:05,Mittavirhetta testeissa,"Probe #1 karki poikki, vaihdettu OK",M.Kallio,9/20/2018 13:05
1529,630,9/3/2018 14:52,T32003.11--A6 E1-BER mittaus ei toimi,Fixture ei tunnistanut UUT:ia. Setup piti ajaa muutaman kerran kunnes yhteys alkoi taas toimia.,JLa,9/3/2018 14:52
1526,630,8/30/2018 14:02,T32003.01--A5 ja T32003.11--A6 FPGA-lataus ei toiminut osassa kortteja. Fpga-lataus skipattu ja lataus tehty eri fixturessa.,Fixture takalevyssa vikaa. Skipit fpga-latauksista poistettu.,JLa,8/30/2018 14:02
1518,595,8/20/2018 14:25,Virheilee RC levyilla,Vaihdettu kaikki probet,M.Kallio,8/20/2018 14:25
1501,595,8/15/2018 8:04,"Testeri kaatuilee ja hukkaa valilla kameraa, PC:ta joutuu buuttailemaan usein.","kamerakortti vioittunut. Ep-Teq:lta tilattu uusi(kaytetty) Tos 3 Cognex kortti, vaihdettu, alkoi toimia.",M.Kallio,8/15/2018 8:04
1493,736,8/8/2018 14:46,Ei lahde testaamaan 9S-ACC-01-55 Exit Sensor Rev DC (DC) Fail code 04. Can't read PSN. Testeri pc kaytetty useaan kertaan alhaalla. Ei auta.,"Tarkastettu, etta verkot kunnossa, tehdasverkko seka yhteys 9S-serveriin telnetilla. Kuvat ja IP config tallessa desktopilla tarvittaessa. Kaikki usb kaapelit irti, sahkot pois testijigista seka HUOM myos usb-muuntajasta.  Lahti testaamaan tuotetta ja menivat lapi. Korjauksen jalkeen temppuili uudella lajimerkilla vastaavasti ja kaytatti kaikki usb:t irti ja sahkottomana ennenkuin lahti testaamaan.",Jouni Huttunen,8/8/2018 14:46
1485,630,7/25/2018 13:54,Ping-testi ei toimi lajimerkilla T32001.01--B7,Puhdistettu reitin liittimet PC- LAN router - fixturen liittimet ja kaapelien paat.,JRu,7/25/2018 13:54
1478,595,6/13/2018 9:46,31.05.2018 testeri huollettu,"Ohjelmat varmuuskopioitu verkkoasemalle: testerbackup \\143.116.232,215\TAKAYA1, vaihdettu kaikki probet jaykempijousisiin VBM00374",M.Kallio,6/13/2018 9:46
1477,160,6/13/2018 9:44,31.05.2018 testeri huollettu ,"Ohjelmat varmuuskopioitu verkkoasemalle: testerbackup \\143.116.232,215\TAKAYA1, vaihdettu kaikki probet",M.Kallio,6/13/2018 9:44
1469,630,5/23/2018 11:47,T32002.01 AE versio muutoksen jalkeen ei aina mennyt lapi 3V4 Overload testin alarajasta 1.5V.,"Pienenntty kuormavastusta 0.58ohm -> =0.53ohm   Lupa tutkia vikaa ja tehda muutos, DNWP testeri palaveri 310118 ",JRu,5/23/2018 11:47
1468,628,5/23/2018 11:43,T32007.12--04 puhaltimet (FAN1...4) ovat vaarassa jarjestyksessa. Vaikeuttanut vianhakua ja vaihdettu vaaria komponentteja.,Puhaltimien jarjestys korjattu.,JLa,5/23/2018 11:43
1457,736,4/17/2018 8:57,6.4.2018  IPC Flasherin  paivitetty  uudet softat  versio 2.2.1 ,"Testattu OK, tosin  testaus  enaa toimi ihan samalla tavalla kuin vanhalla softalla.",Petri Runonen,4/17/2018 8:57
1439,160,2/22/2018 10:56,Virheilya testeissa kaikilla tuotteilla,"probe #4 karki poikki, vaihdettu, alkoi toimia",M.Kallio,2/22/2018 10:56
1436,630,2/15/2018 8:47,"Ch 2 ei  toimi... reffi kortti on mallia Nokian valmistama eli tosi vanhaa versiota,mutta yksittais mittauksella kokeilin reffia ja tuotannon levya niin samanlailla kayttaytyy... Viallinen mittajono alla 000.802    PCM-4 Meas.Meas_A11_1kHz_Ch2        -70.71        -9.2        -8.4",Kakkoskanavan yksi joutosliitos mennyt poikki adapterikortin kaapeliliittimessa. Korjattu juottamalla.,JRu,2/15/2018 8:47
1435,160,2/14/2018 10:25,mittausvirheilya ja interface protection between axis 1 - 2 satunnaista virhetta,vaihdettu probet 1 ja 2 ,M.Kallio,2/14/2018 10:25
1425,595,12/11/2017 13:04,"mittausvirheita, kalibroinnissa havaittu probe #1:n tekevan vaarantyyppista kuviota kalirointitarraan","probe #1 karjesta murtunut viistottain pala, vaihdettu uusi, alkoi toimia",M.Kallio,12/11/2017 13:04
1424,595,12/11/2017 13:02,Tos3 Cognex vaihdettu,"TestLine tomitti uuden kortin, alkoi toimia",M.Kallio,12/11/2017 13:02
1422,595,12/1/2017 14:48,"testeri huollettu, puhdistettu, rasvattu ja kalibroitu","Tos3 Cognex kortti temppuilee, tilattu uusi testlinelta",M.Kallio,12/1/2017 14:48
1423,160,12/1/2017 14:48,"testeri huollettu, puhdistettu, rasvattu ja kalibroitu",kovalevysta otettu image verkkoon,M.Kallio,12/1/2017 14:48
1409,630,10/30/2017 12:13,Rloop mittaukset ja AD DA mittaukset ei toimineet ,GBIP yhteys ei toiminut W&G. Johtojen tarkistus ja W&G resetointi,JRu,10/30/2017 12:13
1405,595,10/18/2017 8:20,"mittaa n. 1 ohm liikaa pienempi arvoisilla vastuksilla, vika toistuu eri tuotteilla","probe #4 vaihdettu kaapeleineen, vika poistui",M.Kallio,10/18/2017 8:20
1393,630,9/29/2017 12:33,"Alarm kortti T32011.01--03 AnalogIF_120V ja AnalogIF3_3V ei toimi, tulos logissa lahelle 0V.",Tassa tapauksessa vika lahti PC:n buuttauksella. Vika voi johtua myos siita etta Analog interfacen 3.3V syottojohdossa on vikaa.,JLa,9/29/2017 12:33
1392,628,9/29/2017 11:56,T32007.01 ja T32009.01 ohjelmointi ei toiminut. Verify error. ,+5V poweri oli hajonnut. Ko poweri syotti jannitteita fixturen kytkin- ja driver piirikytkentoihin. ,JRu,9/29/2017 11:56
1390,595,9/26/2017 10:52,mittaa virheellisesti,"probe 4 kaapeli johdotettu erilailla, oli liian kirealla eika probe paassyt pohjaan asti",M.Kallio,9/26/2017 10:52
1389,160,9/26/2017 10:51,mittaa virheellisesti,vaihdettu probet 1 ja 4 seka probe 1 kaapeli,M.Kallio,9/26/2017 10:51
1383,630,9/15/2017 12:38,T32005.11--04 testeri ei toimi. Jaa check ic5AF kohtaan ja sen jalkeen TDM payload A ja B,Alteran SW-latausjohdon jannitte piuha NR14 pin7 irronut.,JRu,9/15/2017 12:38
1369,628,8/23/2017 8:00,Ei mene lapi fanit.. T32007.12  Jaa mittauksiin 000.500    FAN Control Version.FAN_Control_Version           000.501    Poll S10.Sensor_S10                               000.201    Test Min Load.Min_Load                            000.600    Read Fan1 Max.Max_Fan1_Speed  ---> COM portti ei toimi,Liitin fixturen takarajapinnassa painunut. Saadetty kohdalleen ja kiristetty.,JRu,8/23/2017 8:00
1368,595,8/21/2017 11:47,DC measuring board Takaya 9000/4D1 vaihdettu testeriin,OK,M.Kallio,8/21/2017 11:47
1365,160,8/16/2017 8:58,"CD asema ei toimi, kansi ei avaudu",Vaihdettu uusi CD asema,M.Kallio,8/16/2017 8:58
1366,595,8/16/2017 8:58,"kondensaattorimittaus virheilee testissa, signaali ei ole vakaa vaan sahaa, lisaksi 0 - 22R vastukset mittaa n. 3 ohm liikaa","kokeiltu probeswapit- NOK, vika sama kaikilla kombinaatioilla. Vika todennakoisimmin DC measuring board Takaya 9000/4D1 kortissa, tilattu uusi kortti Ep-Teq:ilta",M.Kallio,8/16/2017 8:58
1364,160,8/16/2017 8:53,"PC ei kaynnisty, on buuttiluupissa, windows logon jalkeen buuttaa itsekseen.","Kovalevy rikki, vaihdettu uusi ja palautettu image kesakuun varmuuskopiosta",M.Kallio,8/16/2017 8:53
1347,630,8/1/2017 11:57,ongelma  Ei kaynnisty,Poweri rikkoontunut. Vaihdettu uusi poweri.,,8/1/2017 11:57
1346,628,8/1/2017 11:56,ongelma< Ei kaynnisty. ,Kovalevy rikkoontunut,Jarkko Ruismaki,8/1/2017 11:56
1328,160,6/14/2017 12:37,"probe #1 poikki, pidike vaantynyt kieroon","proto yksikossa liian korkea komponentti, probe osui siihen ja rikkoutui, vaihdettu probe #1",M.Kallio,6/14/2017 12:37
1326,595,6/6/2017 15:34,testeri huollettu,"probe #1 vaihdettu, kovalevysta otettu varmuuskopiot verkkoon",M.Kallio,6/6/2017 15:34
1325,160,6/6/2017 15:21,"testeri huollettu, puhdistettu, rasvattu ja kalibroitu",ohjelmat varmuuskopioitu verkkoon asemalle \\143.116.232.15\testerbackup rikkinainen power lamppu vaihdettu uuteen,M.Kallio,6/6/2017 15:21
1202,160,1/5/2017 12:41,2D Lukija puuttuu,Asennettu uusi 2D lukija koneeseen,M.Kallio,1/5/2017 12:41
1182,595,12/1/2016 15:56,"testeri huollettu, puhdistettu, rasvattu ja kalibroitu","kaikki probet vaihdettu, interface protection SW 2-3 ei toiminut valoanturista, saadetty kiskoa -- alkoi toimia, kovalevysta otettu varmuuskopio verkkoon",M.Kallio,12/1/2016 15:56
1181,160,12/1/2016 15:54,"testeri huollettu, puhdistettu, rasvattu ja kalibroitu","probet #1 ja #4 vaihdettu, kovalevysta otettu varmuuskopio verkkoon",M.Kallio,12/1/2016 15:54
1162,630,11/10/2016 7:36,Swift kaatuu T32001.01 Trunk kortilla,Vaihdettu ja lisatty 4G sisaista muistia. Ei korjannut ongelmaa kunnolla. Tutkimukset jatkuvat. ,JRu,11/10/2016 7:36
1134,630,9/7/2016 14:47,T32002.01--AD TDM-payload,COM-portti jumissa. PC:n joutuu kayttaan alhaalla.,JLa,9/7/2016 14:47
1133,630,9/7/2016 14:37,T32003.01/11 E1BER-mittaus ei toimi.,Trunk apu-kortin SFP-liitannan keltainen optinen kaapeli ei ole kunnolla kiinni.,JLa,9/7/2016 14:37
1124,595,9/1/2016 15:47,"Testeri ei toimi, antaa virhetta probe 4 moved to illegal area","diagnostiikka ohjelmalla tutkittu etta probe 4 homing signaali on paalla kokoajan, vika paikallistettu valoanturiin, jossa tarkemman tutkimisen jalkeen havaittu valuneen oljya, putsattu industolilla, alkoi toimia.",M. Kallio /KLH,9/1/2016 15:47
1092,595,7/19/2016 13:11,Testeri menee paalle mutta vihrea powerivalo ei syty etupaneeliin,"powervalon lamppu oli rikki, vaihdettu uusi, toimii",M. Kallio,7/19/2016 13:11
878,595,7/19/2016 13:11,Testeri menee paalle mutta vihrea powerivalo ei syty etupaneeliin,"powervalon lamppu oli rikki, vaihdettu uusi, toimii",M. Kallio,7/19/2016 13:11
1065,160,6/3/2016 15:22,"DC-CC mittaus ongelma, ratkaistu","uusi DC measuring board Takaya 9000/4D1 asennettu testeriin, 2,5 Ohmin heiluminen DC-CC vastusmittauksissa poistui. ",M. Kallio,6/3/2016 15:22
851,160,6/3/2016 15:22,"DC-CC mittaus ongelma, ratkaistu","uusi DC measuring board Takaya 9000/4D1 asennettu testeriin, 2,5 Ohmin heiluminen DC-CC vastusmittauksissa poistui. ",M. Kallio,6/3/2016 15:22
1064,630,6/2/2016 8:07,T32005.01  000.801 PCM-4 Meas.Meas_A11_1kHz_Ch1 -9.91         -9.5     -8.7    dBm ,Liitoskontaktivika fixture etumekaniikan alapuolella olevassa kaapelissa.,JRu,6/2/2016 8:07
850,630,6/2/2016 8:07,T32005.01 000.801 PCM-4 Meas.Meas_A11_1kHz_Ch1 -9.91         -9.5     -8.7    dBm ,Liitoskontaktivika fixture etumekaniikan alapuolella olevassa kaapelissa.,JRu,6/2/2016 8:07
1063,630,6/2/2016 8:02,T32001.01--B5 clear Eeprom,Com 1 oli jumissa.... joutui kayttamaan pc:n alhaalla.,JRu,6/2/2016 8:02
849,630,6/2/2016 8:02,T32001.01--B5 clear Eeprom,Com 1 oli jumissa.... joutui kayttamaan pc:n alhaalla.,JRu,6/2/2016 8:02
1062,630,6/2/2016 7:59,T32005.11...03,Lisatty viiveita koska apuyksikon SW oli paivitetty ja kaynnistysaika pidentynyt,JRu,6/2/2016 7:59
848,630,6/2/2016 7:59,T32005.11...03,Lisatty viiveita koska apuyksikon SW oli paivitetty ja kaynnistysaika pidentynyt,JRu,6/2/2016 7:59
1061,630,6/2/2016 7:50,"LFDNT32012.01--01, testausongelma",Protovika piirikaavio/ladonta. Maa ja jannite oikosulussa,JRu,6/2/2016 7:50
847,630,6/2/2016 7:50,"LFDNT32012.01--01, testausongelma",Protovika piirikaavio/ladonta. Maa ja jannite oikosulussa,JRu,6/2/2016 7:50
1060,630,6/2/2016 7:46,T32001.01--B5 program CPLD mittaus,Alteran latauskaapeli vaihdettu,JRu,6/2/2016 7:46
846,630,6/2/2016 7:46,T32001.01--B5 program CPLD mittaus,Alteran latauskaapeli vaihdettu,JRu,6/2/2016 7:46
1059,630,6/2/2016 7:43,ongelma  T32004.02 rikki .... G703 off  tai  .FrontPanel_TCLK                                            0         .FrontPanel_RCLK                                            0         .FrontPanel_BER                                             1234567   ,Korjattu etupaneelin relekortin rappilankaveto  ,JRu,6/2/2016 7:43
845,630,6/2/2016 7:43,ongelma T32004.02 rikki .... G703 off  tai   .FrontPanel_TCLK      0           .FrontPanel_RCLK    0           .FrontPanel_BER     1234567  ,Korjattu etupaneelin relekortin rappilankaveto  ,JRu,6/2/2016 7:43
1058,160,5/31/2016 16:43,yllapitohuolto,"testeri huollettu, puhdistettu, rasvattu ja kalibroitu, kaikki probet vaihdettu, kovalevy varmuuskopioitu. DC measuring board Takaya 9000/4D1 viallinen, tilattu uusi Testline / UK:sta",M. Kallio / A.Alakiuttu,5/31/2016 16:43
844,160,5/31/2016 16:43,yllapitohuolto,"testeri huollettu, puhdistettu, rasvattu ja kalibroitu, kaikki probet vaihdettu, kovalevy varmuuskopioitu. DC measuring board Takaya 9000/4D1 viallinen, tilattu uusi Testline / UK:sta",M. Kallio / A.Alakiuttu,5/31/2016 16:43
1057,595,5/31/2016 16:42,yllapitohuolto,"testeri huollettu, puhdistettu, rasvattu ja kalibroitu, probet #1 ja #2 vaihdettu, kovalevy varmuuskopioitu ",M. Kallio / A.Alakiuttu,5/31/2016 16:42
843,595,5/31/2016 16:42,yllapitohuolto,"testeri huollettu, puhdistettu, rasvattu ja kalibroitu, probet #1 ja #2 vaihdettu, kovalevy varmuuskopioitu ",M. Kallio / A.Alakiuttu,5/31/2016 16:42
1056,160,5/27/2016 9:25,"DC-CC moodin vastusmittausongelma jatkuu, lisaa n. 2,5 ohmia mittauksiin satunnaisesti ja aiheuttaa faileja pienemmille vastuksille. ","Vika paikallistettu kortille DC measurement card (9000-4D1). Kortista mitattu kaikki res, cap, ind, diod, vikaa kortista ei loydy. Uusi kortti hankittava, kyselty Testlinelta.",M. Kallio,5/27/2016 9:25
842,160,5/27/2016 9:25,"DC-CC moodin vastusmittausongelma jatkuu, lisaa n. 2,5 ohmia mittauksiin satunnaisesti ja aiheuttaa faileja pienemmille vastuksille. ","Vika paikallistettu kortille DC measurement card (9000-4D1). Kortista mitattu kaikki res, cap, ind, diod, vikaa kortista ei loydy. Uusi kortti hankittava, kyselty Testlinelta.",M. Kallio,5/27/2016 9:25
1055,595,5/27/2016 9:18,probet #3 ja #4 poikki ja pidikkeet vaantyneet kieroon,"testaaja laittanut vahingossa korkeakomponenttisen levyn vaarin pain koneeseen ja probet osuneet komponentteihin, vaihdettu probet ja pidikkeet",M. Kallio,5/27/2016 9:18
841,595,5/27/2016 9:18,probet #3 ja #4 poikki ja pidikkeet vaantyneet kieroon,"testaaja laittanut vahingossa korkeakomponenttisen levyn vaarin pain koneeseen ja probet osuneet komponentteihin, vaihdettu probet ja pidikkeet",M. Kallio,5/27/2016 9:18
1054,628,5/25/2016 9:21,"Testaus tapahtunut bia-sarnolla DLD61661407 T32009.04...00, vaikka tarkoitus testata HP1-sarnolla, josta valiaik tarra kiinni levyssa. HP1-sarno pitaa tallentaa tuotteen epromiin. Tuote jai kiinni loppukoonnan linkityspaikalla.",HP161661407 sarno talletettu eprommiin manager-ohjelmalla. Testerilla jatkossa HP1-sarno kauempana bia-tarrasta. Estaa lukijan vahinkoluvun. Ohjeistettu tekijaa. Pyydetty testerivastaavaa pohtimaan mahd estaa bia-testaus koodissa. ,Jouni Huttunen,5/25/2016 9:21
840,628,5/25/2016 9:21,"Testaus tapahtunut bia-sarnolla DLD61661407 T32009.04...00, vaikka tarkoitus testata HP1-sarnolla, josta valiaik tarra kiinni levyssa. HP1-sarno pitaa tallentaa tuotteen epromiin. Tuote jai kiinni loppukoonnan linkityspaikalla.",HP161661407 sarno talletettu eprommiin manager-ohjelmalla. Testerilla jatkossa HP1-sarno kauempana bia-tarrasta. Estaa lukijan vahinkoluvun. Ohjeistettu tekijaa. Pyydetty testerivastaavaa pohtimaan mahd estaa bia-testaus koodissa. ,Jouni Huttunen,5/25/2016 9:21
800,595,3/14/2016 15:50,Tos 3 Cognex Card vaihdettu PC koneeseen,"Tuli kuntoon, kamerakortin temppuilu ja testerin kaatuilu loppui. vanha kortti lahetetty Testlinelle.",M. Kallio,3/14/2016 15:50
1014,595,3/14/2016 15:50,Tos 3 Cognex Card vaihdettu PC koneeseen,"Tuli kuntoon, kamerakortin temppuilu ja testerin kaatuilu loppui. vanha kortti lahetetty Testlinelle.",M. Kallio,3/14/2016 15:50
790,595,2/25/2016 15:49,"Probe 2 moved to illegal area Y -2, virheilmoitus tulee jokaiselle yksikolle","Y akselin optiseen anturiin oli valunut vaseliinia jostain mekaniikasta, eika se toiminut kunnolla,irrotettu ja ""pesty"" alkoi toimia.",M. Kallio,2/25/2016 15:49
1004,595,2/25/2016 15:49,"Probe 2 moved to illegal area Y -2, virheilmoitus tulee jokaiselle yksikolle","Y akselin optiseen anturiin oli valunut vaseliinia jostain mekaniikasta, eika se toiminut kunnolla,irrotettu ja ""pesty"" alkoi toimia.",M. Kallio,2/25/2016 15:49
789,595,2/24/2016 17:30,Testeri kaatuilee levyn puolta kaannettaessa (Probe UP) tai debuggeria kaynnistaesa satunnaisesti ja kadottaa kamerakortin,"Kysytty neuvoja Testline:lta, joka valitti Takayalta vikaehdotuksia, kokeiltu vaihtaa PC:n poweri, ei auta. Tilataan uusi TOS-3 kortti",M. kallio,2/24/2016 17:30
1003,595,2/24/2016 17:30,Testeri kaatuilee levyn puolta kaannettaessa (Probe UP) tai debuggeria kaynnistaesa satunnaisesti ja kadottaa kamerakortin,"Kysytty neuvoja Testline:lta, joka valitti Takayalta vikaehdotuksia, kokeiltu vaihtaa PC:n poweri, ei auta. Tilataan uusi TOS-3 kortti",M. kallio,2/24/2016 17:30
967,595,12/1/2015 14:35,"testeri huollettu, puhdistettu, rasvattu ja kalibroitu ","levelointia hienosaadetty, probet 1# ja #4 vaihdettu, kovaleysta otettu image verkkoon",M.Kallio,12/1/2015 14:35
753,595,12/1/2015 14:35,"testeri huollettu, puhdistettu, rasvattu ja kalibroitu ","levelointia hienosaadetty, probet 1# ja #4 vaihdettu, kovaleysta otettu image verkkoon",M.Kallio,12/1/2015 14:35
966,160,12/1/2015 14:34,"testeri huollettu, puhdistettu, rasvattu ja kalibroitu ","levelointia hienosaadetty, probet #1 ja #4 vaihdettu, kovalevysta otettu varmuuskopio verkkoon",M.Kallio,12/1/2015 14:34
752,160,12/1/2015 14:34,"testeri huollettu, puhdistettu, rasvattu ja kalibroitu ","levelointia hienosaadetty, probet #1 ja #4 vaihdettu, kovalevysta otettu varmuuskopio verkkoon",M.Kallio,12/1/2015 14:34
964,160,11/18/2015 7:38,"Testeri jumii kesken testin satunnaisesti jumiuttamalla probejen kiskot kesken liikkeen ja antaa virheen The tester is now suspended as the safety system operated ! - Remove the cause of the suspension, then depress Reset SW.","Tarkastettu kaikki liikeradat, anturit ja turvakytkinten toiminnallisuus, vikaa ei loytynyt niista. Vaihdettu lopulta turvarelepaketti koneeseen, joka oireillut aiemminkin mm. reset napin osalta, vika nayttaisi poistuneen. ",M.Kallio,11/18/2015 7:38
750,160,11/18/2015 7:38,"Testeri jumii kesken testin satunnaisesti jumiuttamalla probejen kiskot kesken liikkeen ja antaa virheen The tester is now suspended as the safety system operated ! - Remove the cause of the suspension, then depress Reset SW.","Tarkastettu kaikki liikeradat, anturit ja turvakytkinten toiminnallisuus, vikaa ei loytynyt niista. Vaihdettu lopulta turvarelepaketti koneeseen, joka oireillut aiemminkin mm. reset napin osalta, vika nayttaisi poistuneen. ",M.Kallio,11/18/2015 7:38
953,595,9/23/2015 12:50,Nappaimisto lakkasi toimimasta,"PC:n nappisportti hajonnut, nappis liitetty USB vaylaan, alkoi toimia",M.Kallio,9/23/2015 12:50
739,595,9/23/2015 12:50,Nappaimisto lakkasi toimimasta,"PC:n nappisportti hajonnut, nappis liitetty USB vaylaan, alkoi toimia",M.Kallio,9/23/2015 12:50
943,160,7/15/2015 13:27,"Testeri juminut kesken testin, koko testeri buutattu. Buutin jalkeen probe #2 tikkaa mihin sattuu.",Master file vioittunut koneen kaatumisen yhteydessa. Kalibrointiarvot probelta #4 kopioituneet probelle #2. Tehty Admin moodilla machine reference point setup.,M.Kallio,7/15/2015 13:27
729,160,7/15/2015 13:27,"Testeri juminut kesken testin, koko testeri buutattu. Buutin jalkeen probe #2 tikkaa mihin sattuu.",Master file vioittunut koneen kaatumisen yhteydessa. Kalibrointiarvot probelta #4 kopioituneet probelle #2. Tehty Admin moodilla machine reference point setup.,M.Kallio,7/15/2015 13:27
929,160,6/9/2015 9:20,"Testerisoftan kaatumisen jalkeen ei pysty enaa testata ollenkaan, valikot harmaana. Buutti ei auta, tilanne pysyy samana. Softa ei ota yhteytta testerille.","Workstation moodi mennyt paalle. Sen saa pois menemalla Admin tunnuksilla koneelle. Valitaan Mode -> O.mode, otetaan ruksi pois ruudusta Workstatin mode.",M.Kallio,6/9/2015 9:20
715,160,6/9/2015 9:20,"Testerisoftan kaatumisen jalkeen ei pysty enaa testata ollenkaan, valikot harmaana. Buutti ei auta, tilanne pysyy samana. Softa ei ota yhteytta testerille.","Workstation moodi mennyt paalle. Sen saa pois menemalla Admin tunnuksilla koneelle. Valitaan Mode -> O.mode, otetaan ruksi pois ruudusta Workstatin mode.",M.Kallio,6/9/2015 9:20
917,595,5/26/2015 12:49,"kalibrointihuolto, jatkoa....",kaikki 4 probea vaihdettu uusiin,M.Kallio,5/26/2015 12:49
703,595,5/26/2015 12:49,"kalibrointihuolto, jatkoa....",kaikki 4 probea vaihdettu uusiin,M.Kallio,5/26/2015 12:49
916,595,5/26/2015 12:48,"testeri huollettu, puhdistettu, rasvattu ja kalibroitu ","kovalevysta otettu image, ohjelmat varmuuskopioitu",M.Kallio,5/26/2015 12:48
702,595,5/26/2015 12:48,"testeri huollettu, puhdistettu, rasvattu ja kalibroitu ","kovalevysta otettu image, ohjelmat varmuuskopioitu",M.Kallio,5/26/2015 12:48
915,160,5/26/2015 12:47,"testeri huollettu, puhdistettu, rasvattu ja kalibroitu ","2D lukijan kaapeli oli irti, kiinnitetty ja lisatty vedonpoisto. Kovalevysta otettu image, ohjelmat varmuuskopioitu.",M.Kallio,5/26/2015 12:47
701,160,5/26/2015 12:47,"testeri huollettu, puhdistettu, rasvattu ja kalibroitu ","2D lukijan kaapeli oli irti, kiinnitetty ja lisatty vedonpoisto. Kovalevysta otettu image, ohjelmat varmuuskopioitu.",M.Kallio,5/26/2015 12:47
910,160,5/6/2015 9:45,"Testeri mittaa edelleen vastuksia vaarin, lisaa n. 2 ohmia mittauksiin ja antaa faileja erityisesti pienemmille vastuksille 0 ohm --> 10 ohm. joissa ei ole isot raja arvot. Valilla toimii ja valilla alkaa tehda virheita.","Testerin etupaneeli irrotettu, alkoi hetken paasta toimia ja arvot romivat kohdilleen, paneelin kiinnityksen jalkeen alkoi n. 2 tunnin kayton jalkeen virheilla uudelleen, arvot ryomivat ylospain. Luultavasti joku kuumenemis onmgelma, seurataan...",M.Kallio,5/6/2015 9:45
696,160,5/6/2015 9:45,"Testeri mittaa edelleen vastuksia vaarin, lisaa n. 2 ohmia mittauksiin ja antaa faileja erityisesti pienemmille vastuksille 0 ohm --> 10 ohm. joissa ei ole isot raja arvot. Valilla toimii ja valilla alkaa tehda virheita.","Testerin etupaneeli irrotettu, alkoi hetken paasta toimia ja arvot romivat kohdilleen, paneelin kiinnityksen jalkeen alkoi n. 2 tunnin kayton jalkeen virheilla uudelleen, arvot ryomivat ylospain. Luultavasti joku kuumenemis onmgelma, seurataan...",M.Kallio,5/6/2015 9:45
909,595,5/5/2015 13:42,"Kone ei ala testata ollenkaan, probe 2 moved to illegal area Y -2, virheilmoitus tulee jokaiselle yksikolle.","Y akselin anturin kaapeli irti kokokaan, kiinnityksen jalkeen alkoi toimia",M.Kallio,5/5/2015 13:42
695,595,5/5/2015 13:42,"Kone ei ala testata ollenkaan, probe 2 moved to illegal area Y -2, virheilmoitus tulee jokaiselle yksikolle.","Y akselin anturin kaapeli irti kokokaan, kiinnityksen jalkeen alkoi toimia",M.Kallio,5/5/2015 13:42
690,160,3/26/2015 10:40,"Testeri mittaa valilla resistanssia vaarin, lisaa n. 2 ohmia mittauksiin, jolloin pienemmat vastukset antavat failia.",Probet kuluneet. Vaihdettu kaikki probet ja niiden kaapelit. Tehty Maintenance chekit ja master calibrointi - OK. Nayttais toimivan nyt paremmin.,M.Kallio,3/26/2015 10:40
689,595,3/12/2015 13:36,testeri antaa suuren maaran faileja ja lakkaa mittaamasta serial fail stoppiin,"probe #4 oli juminut yla-asentoon, iskee tuotteessa liittimeen, probe vaihdettu, softaa muutettu ok.",M.Kallio,3/12/2015 13:36
688,160,3/11/2015 8:36,"Testeri virheilee satunnaisesti, mittauksissa, mittaustulos nayttaa valilla mita sattuu ja valilla toimii","Probe #1 kaapeli oli poikki, vaihdettu",M.Kallio,3/11/2015 8:36
682,595,12/19/2014 11:57,Piirilevyn asettelukiskojen saatomekanismin lukitusvipu rikki,"kiristinvivun lukitusruuvista menneet kierteet, metalliverstaalla tehty uudet kierteet ja vaihdettu isompi kiristysruuvi vipuun. OK",M.Kallio,12/19/2014 11:57
677,595,11/27/2014 7:43,Asennettu Flying Probe ATP-8400C testeri. Taysin huollettu ja kalibroitu Englannissa.,Takaya 8400CE serial no. 96100233,TESTLINE / Martin Hamilton,11/27/2014 7:43
676,160,11/27/2014 7:41,"Testeri huollettu, puhdistettu, rasvattu ja kalibroitu kattavasti TESTLINE yhtion toimesta.","cd asema vaihdettu, muistia lisattu pc yht 2 GB, kameranautto vaihdettu flat monitoriksi, convertteri lisatty, kovalevylta otettu image.",TESTLINE / Martin Hamilton,11/27/2014 7:41
637,160,8/6/2014 9:53,kalibrointi ja yllapitohuolto,"Havaitut viat: CD asema ei toimi PC:ssa, vaihdettava. Turvarele oireilee edelleen, tilataan varaosa.  probet #1 ja #4 vaihdettu.Testausohjelmat varmuuskopioitu verkkoon. ",M.Kallio,8/6/2014 9:53
636,160,8/6/2014 9:46,yllapito,Testihuolto suoritettu,web,8/6/2014 9:46
633,160,7/31/2014 6:26,"Testeri lakkasi toimimasta, ei hyvaksy reset napin painallusta vaan pyytaa sita luupissa, releen naksaus ei kuulu nappia painettaessa, kaikki seftestit menee pass","vinkkeja vianhakuun saatiin Testlinelta ja Takayalta, selvitettiin saatujen ohjeiden ja kytkentakaavioiden avulla vika joka oli lopulta safety relay unit modulissa, jossa rele K1 ei toiminut. Moduli irrotettiin ja paikallistettin vika B1 liitospinnan huonoon kontaksiin etulevy-piirilevy, putsaus,kasaus -- alkoi toimia. ",M.Kallio & P.Simonen,7/31/2014 6:26
626,160,7/18/2014 15:19,IQ vaatimuksen mukainen flaikkari-asennuksen suoritus,"Kayttojannite mitattu. fpt leveloitu, ohjekirjat tarkistettu, varaosalista paivitetty. IQ kaavakkeet taytetty.",M.Kallio,7/18/2014 15:19
562,160,1/24/2014 8:56,yllapito,Testihuolto suoritettu,web,1/24/2014 8:56
516,160,9/24/2013 11:53,heti testin alussa vetaa probet jumiin ja tulee ilmoitus: Interf. protect SW is working between 3-axis and 4-axis,"Anturi irrotettu ja putsattu, alkoi toimia.",M. Kallio,9/24/2013 11:53
498,160,7/15/2013 10:29,Kalibrointi ja yllapitohuolto,"mekaaniset osat tarkastettu: havaittu vika: kannen avausmekanismin vaimentimesta ruuvi irti ja toinen loysalla, kiristetty ja lisattu lukituslakkaa. Varmuuskopiot ohjelmista otettu verkkoon. ",M.Kallio,7/15/2013 10:29
496,160,7/15/2013 10:23,yllapito,Testihuolto suoritettu,web,7/15/2013 10:23
471,160,3/14/2013 10:20,"Probe #3 moved to illegal area, hajonnut iltavuorossa, mikaan testaus ei toimi, virhe tulee heti kaynnistettaessa testia ja laite iskee resetin paalle","probe #3 Y akselin kaapeli kokonaan irti liitoksesta, luultavasti joku takin-hiha tms tarttunut testaajalla ja repaissyt kaapelin irti. Liitetty uudelleen ja varmistettu nippusiteella, alkoi toimia",M. Kallio,3/14/2013 10:20
470,160,3/5/2013 17:25,ongelma Jumiongelma jatkuu,Kysytty neuvoa ja vinkkeja kaikilta. Jani Koppelo saatiin paikalle. Tutkinnan jalkeen ohjelmistosta loytyi vaara moodi. Moodiksi oli laitettu tai mennyt Workstation mode. Raksin poisto ruudusta toi testaus nappulat takaisin kayttoon ja laite ohjautui suoraan reset tilaan. Tutkinnassa vioittunut probe vaihdettu. Kokeiltu levylla ja testi toimii. Vaatii tod nak probekalibroinnin.,Jouni Huttunen,3/5/2013 17:25
469,160,3/5/2013 17:22,"ongelma Testeri totaalisesti jumissa, roikuttaa probeja, ei veda niita ylos, eika aja perusasentoihinsa, vaikka resetoi. Ohjelma pitaa mm test-painikkeita harmaana eli eivat ole kaytettavissa. PCU emergency ledi palaa itse laitteessa.","Tutkittu virransyotot, siirretty kasin probet perusasentoon, kokeiltu, etta proben asentotunnistimet vaikuttavat punaisiin merkkiledeihin suojakannen alle, samassa rivissa kuin PCU emergency, tarkastettu suojakopan vaikutus merkkiledeihin. Useita kertoja startattu seka laite etta pc ja ohjelma ihan alusta.",Jouni Huttunen,3/5/2013 17:22
449,160,11/27/2012 14:11,"Interf. protect SW is working between 1-axis and 2-axis ! ---> Iskee tuotteella suojamoodin paalle aina samassa testi-stepissa, aiemmin on toiminut samalla softalla, valissa on ajettu toista tuotetta.","probe 1 karki oli poikki, ja laite oli kalibroitu uudelleen tuotteelle kierolla levylla, jolloin arvot menneet pieleen, vaihdettu probe 1 uuteen ja kalibroitu neulat uudelleen tasaisella levylla --> OK",M. Kallio,11/27/2012 14:11
446,160,11/27/2012 10:22,Iltavuorossa alkanut tekemaan jatkuvaa resettia heti testin alussa ja antanut virhetta: 3 probe moved to illegal area Y -2 --> testaaja kokeillut mm. buutata koko laitteen tuloksetta,Testaaja huomannut laitteen oikealla sivustalla olevan kaapelin olevan irti liitoksestaan. Kiinnityksen jalkeen laite on alkanut toimia. Liitoksen pitavyys varmistettu aamulla nippusiteella.,Marjo Pinola  / M. Kallio,11/27/2012 10:22
443,160,11/26/2012 15:48,5,Testihuolto_Lisatty time tauluun,Jouni Huttunen,11/26/2012 15:48
427,160,11/23/2012 13:16,Antaa ilmoitusta: --> Measuring system error on Probe - 4 Please check self-diagnosis. <-- Mittaus pysahtyy ja suojamoodi menee paalle,"Probe 4:n mittauskaapeli oli kulunut ja siina nakyi kuparointi, vaihdettu uusi kaapeli ja probe. Mahdollisesti aiheuttanut vikatilanteen osuessaan runkoon mittauksen aikana. ",M. Kallio,11/23/2012 13:16
415,160,11/8/2012 13:24,Kalibrointi ja yllapitohuolto (jatkoa...),"mekaaniset osat tarkastettu, kaikki liukukiskot ja liikkuvat osat oljytty rasvanipoista tai suoraan kiskoon. neula #3 vaihdettu (katkesi huollon aikana), kone kalibroitu.",M. Kallio ja Kone&laitehuolto,11/8/2012 13:24
414,160,11/8/2012 11:43,"Kalibrointi ja yllapitohuolto suoritettu, ohjelmat varmuuskopioitu","havaittu vika: Kaasujouset huonokuntoiset, kansi ei pysy kunnolla auki. Varaosia ei saatavilla, joten rakennettu erityyppisista kaasujousista uudet tilalle. Toimii.",M. Kallio,11/8/2012 11:43
373,160,8/13/2012 12:40,"Kone veti jumiin jo testin alussa, pysayttaen probet ja antoi virheilmoituksen: Interface Protection SW is working between 1-axis and 2-axis. Bootti ei auta.","1 proben neulan kalibrointi-arvot nayttivat mita sattuu. Luultavasti testauksella vahinkossa hiiri klikannut arvoja softaa ladatessa ja vahingossa muutettu arvot, jotka olivat useamman sentin pielessa probe1:n osalta. --> Kalibroitu uudelleen, tallennettu --> toimii.",M. Kallio,8/13/2012 12:40
354,160,7/18/2012 10:30,Testeri kytketty UPS-virransyottoon.,Testeri kytketty UPS-virransyottoon.,PSi,7/18/2012 10:30
338,160,7/3/2012 16:31,Lisaantynyt maara OPEN mittavirheita useammalla tuotteella,"4 proben karki oli poikki, vaihdettu --> OK",M. Kallio,7/3/2012 16:31
322,160,5/23/2012 14:02,Suuri maara virheita testissa,"Probe 1 hirttanyt kiinni, neula juminut pohja asentoon, neula vaihdettu --> OK",M.Kallio,5/23/2012 14:02
315,160,4/24/2012 12:56,Mittauksissa useita virheita kaikilla korteilla,"3 proben karki oli poikki n.1 millin matkalta, vaihdettu uusi probe --> OK",M.Kallio,4/24/2012 12:56
313,160,4/24/2012 12:37,"2 probe; mittavirhetta, mittasi mm. 5,7 ohm --> 7,1 Ohm. Kokeiltu vaihtaa probea (p2 --> p3,p1,p4) toimi oikein",vaihdettu seka probe etta mittauskaapeli --> OK,M.Kallio,4/24/2012 12:37
314,160,4/24/2012 12:37,10.3.2012,"laitteen pohjalla irrallinen ristipainen ruuvi, paikkaa mista ruuvi mahdollisesti irti ei loydy. (laitteessa on torx ruuvit) irrallinen ruuvi saattaa olla jostain tuotteesta irronnut.",M.Kallio,4/24/2012 12:37
312,160,4/24/2012 12:36,"22.2.2012 - 1 ja 4 probe toleranssiheittoa, vaikka laitteen neulat kalibroi eivat ne osu kohdalle muutaman testauksen jalkeen","sama vika samoilla neuloilla kuin aiemmin, poytaa vasten pyorittaessa vemppaa n. 0.5 -1 millin heittoa vaihdettu molemmat uuteen. Asiaa tutkittu ja havaittu neulojen vaantymisella yhteys ETP-A kortin testaukseen. Tutkittu kortti ja huomattu etta korttien testi alunperin tehty ilman liittimia, kokoojilla ohjeet ok. mutta eivat aina muista olla laittamatta liittimia ennen fpt:ta... Liittimien ollessa paikoillaan kortissa, vaantaa se 1 ja 4 neuloja vinoon. Korjattu ohjelmaan mittapisteet ongelmatap",M.Kallio,4/24/2012 12:36
310,160,4/24/2012 12:35,"12.1.2011 - 2 probe moved to illegal area ja valilla 2 probe moved to illegal area Y -2, antaa satunnaisesti kaikilla testattavilla korteilla ko. virheita","edelleen samaa vikaa esiintyy satunnaisesti, vika paikallistettu master moden testimoodilla, Y akselin etummaiseen anturiin, irrotettu anturi laitteesta, puhdistettu, anturin piirilevylla olevassa liittimessa 1 liintinpinta hieman vinossa, oikaistu ja juotettu uudelleen kiinni. Vastaliittimesta kiristetty holkkeja paremman kontaktin saamiseksi --> vika nayttaisi nyt poistuneen.",M.Kallio,4/24/2012 12:35
311,160,4/24/2012 12:35,5.1.2012,"koneen kovalevylta siivottu turhat ohjelmat pois, otettu varmuuskopio ohjelmista verkkoon",M.Kallio,4/24/2012 12:35
309,160,4/24/2012 12:34,"5.12.2011 - testaajan mukaan testauksen aikana tullut joku vikatilanne laitteeseen, ja probe 2 oli mennyt kokonaan poikki lisaksi koko proben pidike oli haljennut kahteen osaan",vikatilanteeseen ei loytynyt selitysta laitteen logista (mitaan ei ollut kirjautunut logiin) eika laitteen mekaniikasta loytynyt mitaan vikaa/selitysta asialle. Probe ja pidike vaihdettu uuteen --> OK,M.Kallio,4/24/2012 12:34
307,160,4/24/2012 12:33,"20.11.2011 - 1 probe mittaa valilla vaaria arvoja kaikilla tuotteilla, valilla toimii ok. ","proben kaapeli oli hiukikulunut yhdesta kohtaa, kuparointi paistoi hieman lapi ja osui valilla laitteen (proben jalan) runkoon, aiheuttaen signaalin maadoittumisen --> kaapeli vaihdettu uuteen --> OK",M.Kallio,4/24/2012 12:33
308,160,4/24/2012 12:33,"18.11.2011 - 1 probe ei osu kohdalle vaikka laitteen kalibroi, niin neula ei osu muutaman testauksen jalkeen oikeaan kohtaan","1 neula kiero (taas), vaikka on reilu viikko sitten vaihdettu uusi neula, luultavasti jokin testattava kortti aiheuttaa neulan vioittumisen. Seurataan tilannetta.... Vaihdon jalkeen nyt kuitenkin OK",M.Kallio,4/24/2012 12:33
305,160,4/24/2012 12:32,"8.11.2011 - 1 ja 4 probe toleranssiheittoa, vaikka laitteen neulat kalibroi eivat ne osu kohdalle","neulat kieroja, poytaa vasten pyorittaessa vemppaa n. 0.5 -1 millin heittoa vaihdettu molemmat --> kalibroitu master calib, resetoitu laskurit --> OK",M.Kallio,4/24/2012 12:32
306,160,4/24/2012 12:32,"5.10.2011 - 2 probe moved to illegal area Y -2, antaa satunnaisesti kaikilla testattavilla korteilla ko. Virhetta","vikaa ilmenee edelleen harvakseltaan, syyta ei loydy, kokeiltu vaihtaa neula, kaapeli, kalibroitu ja valoanturit 2 proben osalta irrotettu ja puhdistettu. Laite toimii OK, mutta antaa satunnaisesti ko. vikatilannetta edelleen",M.Kallio,4/24/2012 12:32
304,160,4/24/2012 12:31,"28.9.2011 - neulojen kalibrointi ei onnistu, kameran kuva ei ole stabiili, ja on lisaksi epatarkka","kamera oli irti liitoksestaan,  kiristetty ja neulat kalibroitu uudelleen -- > OK",M.Kallio / M.Piri,4/24/2012 12:31
303,160,4/24/2012 12:30,"20.11.2011 - 2 probe moved to illegal area Y -2, antaa satunnaisesti kaikilla testattavilla korteilla ko. virhetta","vikaa ei loydetty, P2 Y akselin anturi kaapelin kapistelyn ja bootin jalkeen nayttaisi kuitenkin toimivan",M.Kallio / M.Piri,4/24/2012 12:30
301,160,4/24/2012 12:29,9.9.2011 - Kameran kuva suttuinen ja kuvan paalla menee lumisateen tapaista hairiosignaalia tai pitkittaisia viivoja,kameran kaapeli oli irti,M.Kallio / P.Simonen,4/24/2012 12:29
302,160,4/24/2012 12:29,"20.8.2011 - 4 probe iskee resettia koneelle, probe moved to illegal area, ennenkuin testi lahtee tekemaan edes mitaan mittausta",4 proben y akselin valo-anturin kaapeli oli irti,M.Kallio,4/24/2012 12:29
300,160,4/24/2012 12:28,"16.7.2011 flaikkari lyo safety switchia paalle satunnaisesti testauksien aikana, probe3 moved to illegal area ja FPT menee resettiin, master calibrointia ei saatu suoritettua sama vikatila katkaisi laitteen toiminnan neulojen kalibroinnissa (master mode) probe 3:n kohdalla","probe 3 oli kiero, poytaa vasten pyoritettaessa n. 1mm. Toleranssiheitto (vemppaa) proben karjessa. Neula vaihdettu uuteen --> master calib PASS",M.Kallio,4/24/2012 12:28
299,160,4/24/2012 12:27,1.7.2011,"Kalibroitu flaikkari, vaihdettu kaikki probet 4kpl. Resetoitu laskurit,kovalevysta otettu varmuuskiopio image",M.Kallio / M.Piri,4/24/2012 12:27
